,date,actual_mean_temp,actual_min_temp,actual_max_temp,average_min_temp,average_max_temp,record_min_temp,record_max_temp,record_min_temp_year,record_max_temp_year,actual_precipitation,average_precipitation,record_precipitation
0,2014-7-1,75.0,68.0,81.0,62.0,83.0,52.0,95.0,2015.0,2002.0,0.0,0.07,0.54
1,2014-7-2,64.0,57.0,71.0,62.0,83.0,50.0,98.0,2001.0,2012.0,0.1,0.07,1.31
2,2014-7-3,66.0,57.0,75.0,63.0,83.0,54.0,97.0,1996.0,2012.0,0.1,0.07,1.75
3,2014-7-4,67.0,58.0,76.0,63.0,83.0,51.0,103.0,1996.0,2012.0,0.0,0.06,0.72
4,2014-7-5,69.0,59.0,79.0,63.0,83.0,51.0,103.0,1997.0,2012.0,0.0,0.07,0.57
5,2014-7-6,77.0,66.0,88.0,63.0,83.0,54.0,104.0,2001.0,2012.0,0.18,0.07,1.41
6,2014-7-7,79.0,70.0,88.0,63.0,83.0,53.0,94.0,1997.0,2010.0,0.16,0.08,0.57
7,2014-7-8,75.0,68.0,82.0,63.0,84.0,55.0,96.0,2004.0,2002.0,0.21,0.07,0.44
8,2014-7-9,71.0,62.0,80.0,64.0,84.0,53.0,94.0,1997.0,2007.0,0.0,0.08,0.78
9,2014-7-10,68.0,58.0,77.0,64.0,84.0,50.0,95.0,1997.0,2001.0,0.0,0.11,1.14
10,2014-7-11,71.0,60.0,82.0,64.0,84.0,50.0,88.0,1996.0,2011.0,0.0,0.13,0.37
11,2014-7-12,77.0,72.0,81.0,64.0,84.0,55.0,89.0,1999.0,2012.0,0.38,0.13,0.38
12,2014-7-13,77.0,68.0,86.0,64.0,84.0,56.0,95.0,2007.0,1997.0,0.0,0.12,0.27
13,2014-7-14,71.0,61.0,81.0,64.0,84.0,55.0,92.0,2002.0,2010.0,0.2,0.13,0.65
14,2014-7-15,64.0,56.0,72.0,64.0,84.0,56.0,96.0,2014.0,2006.0,0.08,0.13,1.2
15,2014-7-16,64.0,56.0,71.0,64.0,84.0,56.0,97.0,2014.0,2012.0,0.0,0.13,0.88
16,2014-7-17,66.0,53.0,78.0,64.0,84.0,53.0,99.0,2014.0,2012.0,0.0,0.14,0.71
17,2014-7-18,70.0,59.0,80.0,64.0,84.0,54.0,96.0,2003.0,2013.0,0.0,0.13,1.31
18,2014-7-19,69.0,57.0,80.0,64.0,84.0,54.0,97.0,2003.0,2013.0,0.0,0.12,0.79
19,2014-7-20,71.0,59.0,83.0,64.0,83.0,53.0,100.0,2009.0,2011.0,0.0,0.13,1.08
20,2014-7-21,75.0,63.0,87.0,64.0,83.0,56.0,100.0,2007.0,2011.0,0.0,0.13,0.86
21,2014-7-22,81.0,71.0,91.0,64.0,83.0,54.0,93.0,1996.0,2001.0,0.02,0.14,2.77
22,2014-7-23,66.0,58.0,74.0,64.0,83.0,53.0,97.0,2000.0,2012.0,0.0,0.14,3.38
23,2014-7-24,65.0,56.0,74.0,64.0,83.0,50.0,102.0,2000.0,2005.0,0.0,0.14,2.31
24,2014-7-25,67.0,57.0,77.0,64.0,83.0,56.0,98.0,2000.0,2012.0,0.0,0.14,0.59
25,2014-7-26,77.0,68.0,85.0,64.0,83.0,58.0,97.0,1998.0,1997.0,0.0,0.15,0.62
26,2014-7-27,77.0,65.0,88.0,64.0,83.0,57.0,90.0,2013.0,1997.0,0.03,0.14,1.05
27,2014-7-28,66.0,59.0,72.0,64.0,83.0,56.0,93.0,2005.0,1999.0,0.0,0.15,0.19
28,2014-7-29,70.0,58.0,82.0,64.0,83.0,53.0,98.0,2003.0,1999.0,0.14,0.15,0.35
29,2014-7-30,69.0,59.0,79.0,64.0,83.0,57.0,102.0,1997.0,1999.0,0.0,0.15,0.15
30,2014-7-31,72.0,60.0,84.0,64.0,83.0,56.0,98.0,1997.0,2002.0,0.03,0.15,1.65
31,2014-8-1,72.0,61.0,83.0,64.0,83.0,57.0,99.0,1996.0,2006.0,0.27,0.11,0.37
32,2014-8-2,71.0,59.0,83.0,64.0,83.0,57.0,98.0,2009.0,2006.0,0.0,0.12,0.98
33,2014-8-3,76.0,62.0,89.0,64.0,83.0,55.0,94.0,2000.0,2005.0,0.0,0.12,1.33
34,2014-8-4,76.0,65.0,86.0,64.0,82.0,56.0,93.0,2000.0,2012.0,2.13,0.11,2.13
35,2014-8-5,72.0,65.0,79.0,64.0,82.0,54.0,91.0,1997.0,1996.0,0.0,0.12,1.45
36,2014-8-6,70.0,61.0,79.0,64.0,82.0,53.0,94.0,1997.0,2001.0,0.0,0.14,0.46
37,2014-8-7,71.0,61.0,80.0,64.0,82.0,53.0,96.0,1997.0,2001.0,0.0,0.13,1.67
38,2014-8-8,72.0,63.0,81.0,64.0,82.0,55.0,95.0,1997.0,2001.0,0.0,0.11,0.44
39,2014-8-9,72.0,65.0,78.0,64.0,82.0,53.0,96.0,1999.0,2005.0,0.0,0.12,0.95
40,2014-8-10,74.0,69.0,79.0,64.0,82.0,56.0,90.0,2008.0,2002.0,0.0,0.11,0.35
41,2014-8-11,75.0,67.0,83.0,64.0,82.0,54.0,95.0,2004.0,2002.0,0.9,0.12,0.9
42,2014-8-12,66.0,62.0,69.0,64.0,82.0,50.0,90.0,2004.0,2002.0,0.21,0.13,0.55
43,2014-8-13,69.0,56.0,82.0,64.0,82.0,54.0,92.0,2004.0,2010.0,0.0,0.14,0.84
44,2014-8-14,64.0,56.0,71.0,64.0,82.0,52.0,90.0,2004.0,2010.0,0.0,0.14,0.25
45,2014-8-15,67.0,55.0,79.0,67.0,82.0,48.0,98.0,1929.0,1944.0,0.0,0.14,2.07
46,2014-8-16,73.0,63.0,83.0,64.0,82.0,52.0,93.0,2004.0,2003.0,0.0,0.13,0.61
47,2014-8-17,68.0,65.0,71.0,63.0,82.0,57.0,89.0,2012.0,2002.0,0.0,0.13,0.97
48,2014-8-18,75.0,65.0,84.0,63.0,82.0,53.0,85.0,2012.0,2011.0,0.0,0.12,0.44
49,2014-8-19,78.0,69.0,87.0,63.0,81.0,56.0,89.0,1997.0,2005.0,0.32,0.13,2.0
50,2014-8-20,77.0,67.0,87.0,63.0,81.0,57.0,93.0,1999.0,2010.0,0.0,0.12,1.17
51,2014-8-21,75.0,71.0,78.0,63.0,81.0,53.0,96.0,2012.0,2003.0,1.27,0.11,1.27
52,2014-8-22,81.0,73.0,88.0,63.0,81.0,51.0,90.0,2004.0,1996.0,0.38,0.11,1.34
53,2014-8-23,77.0,69.0,85.0,63.0,81.0,53.0,91.0,1997.0,1998.0,0.57,0.11,1.97
54,2014-8-24,78.0,70.0,86.0,62.0,81.0,55.0,94.0,2009.0,2012.0,0.0,0.1,1.85
55,2014-8-25,80.0,71.0,88.0,62.0,81.0,57.0,96.0,1997.0,2003.0,0.27,0.11,0.83
56,2014-8-26,77.0,69.0,84.0,62.0,80.0,54.0,93.0,2015.0,2003.0,0.63,0.11,1.73
57,2014-8-27,73.0,66.0,79.0,62.0,80.0,50.0,96.0,2015.0,2013.0,0.0,0.11,1.91
58,2014-8-28,71.0,65.0,76.0,61.0,80.0,54.0,93.0,2015.0,2003.0,0.0,0.1,1.13
59,2014-8-29,79.0,70.0,87.0,61.0,80.0,55.0,94.0,2004.0,2010.0,0.0,0.11,0.71
60,2014-8-30,78.0,71.0,84.0,61.0,80.0,49.0,96.0,2009.0,2013.0,0.01,0.11,0.44
61,2014-8-31,77.0,67.0,87.0,60.0,80.0,47.0,94.0,2009.0,2012.0,0.0,0.1,0.14
62,2014-9-1,78.0,71.0,84.0,60.0,79.0,46.0,94.0,2009.0,2011.0,0.1,0.12,0.17
63,2014-9-2,75.0,66.0,83.0,60.0,79.0,50.0,95.0,2001.0,2008.0,0.0,0.11,1.47
64,2014-9-3,73.0,61.0,85.0,60.0,79.0,49.0,91.0,1997.0,2015.0,0.0,0.1,0.39
65,2014-9-4,78.0,70.0,85.0,59.0,79.0,46.0,90.0,1997.0,2007.0,0.08,0.08,2.48
66,2014-9-5,77.0,64.0,89.0,59.0,78.0,48.0,91.0,2010.0,1999.0,0.83,0.12,0.83
67,2014-9-6,68.0,60.0,76.0,59.0,78.0,46.0,94.0,2000.0,1998.0,0.0,0.11,0.49
68,2014-9-7,68.0,56.0,80.0,58.0,78.0,51.0,89.0,2011.0,2005.0,0.0,0.11,0.86
69,2014-9-8,67.0,56.0,78.0,58.0,77.0,52.0,92.0,2010.0,2002.0,0.0,0.11,0.6
70,2014-9-9,73.0,65.0,80.0,57.0,77.0,47.0,95.0,2008.0,2013.0,0.0,0.12,0.28
71,2014-9-10,69.0,56.0,82.0,57.0,77.0,45.0,96.0,2008.0,2013.0,0.65,0.11,0.65
72,2014-9-11,53.0,50.0,56.0,56.0,76.0,45.0,92.0,1999.0,2013.0,0.0,0.1,0.64
73,2014-9-12,51.0,45.0,56.0,56.0,76.0,45.0,90.0,2014.0,2005.0,0.18,0.1,0.28
74,2014-9-13,51.0,42.0,59.0,56.0,76.0,42.0,94.0,2014.0,2005.0,0.0,0.1,0.15
75,2014-9-14,55.0,44.0,66.0,55.0,75.0,44.0,87.0,2011.0,2004.0,0.0,0.1,0.63
76,2014-9-15,56.0,49.0,62.0,55.0,75.0,39.0,87.0,2007.0,2004.0,0.0,0.1,0.92
77,2014-9-16,56.0,43.0,68.0,54.0,74.0,43.0,83.0,2014.0,2003.0,0.0,0.1,0.16
78,2014-9-17,58.0,45.0,71.0,54.0,74.0,45.0,82.0,2014.0,2006.0,0.0,0.09,0.21
79,2014-9-18,59.0,50.0,68.0,53.0,74.0,42.0,89.0,2012.0,2007.0,0.0,0.1,1.64
80,2014-9-19,63.0,50.0,75.0,53.0,73.0,38.0,87.0,2012.0,2000.0,0.0,0.1,2.95
81,2014-9-20,71.0,64.0,77.0,52.0,73.0,42.0,87.0,2006.0,1998.0,0.07,0.11,0.75
82,2014-9-21,59.0,48.0,70.0,52.0,72.0,40.0,90.0,2006.0,2010.0,0.0,0.1,0.31
83,2014-9-22,57.0,44.0,69.0,51.0,72.0,39.0,87.0,1999.0,2005.0,0.0,0.09,1.81
84,2014-9-23,61.0,47.0,75.0,51.0,71.0,39.0,89.0,2012.0,2010.0,0.0,0.11,0.78
85,2014-9-24,63.0,50.0,76.0,51.0,71.0,34.0,91.0,2012.0,2007.0,0.0,0.11,0.21
86,2014-9-25,66.0,55.0,76.0,50.0,71.0,40.0,86.0,2001.0,2007.0,0.0,0.1,0.82
87,2014-9-26,65.0,51.0,78.0,50.0,70.0,37.0,91.0,2000.0,1998.0,0.0,0.11,0.8
88,2014-9-27,66.0,54.0,78.0,49.0,70.0,44.0,84.0,2001.0,1998.0,0.0,0.11,0.68
89,2014-9-28,65.0,53.0,77.0,49.0,69.0,42.0,85.0,2006.0,2013.0,0.0,0.11,1.86
90,2014-9-29,69.0,54.0,84.0,48.0,69.0,38.0,85.0,2006.0,2002.0,0.0,0.14,0.72
91,2014-9-30,53.0,48.0,58.0,48.0,68.0,37.0,86.0,2003.0,2002.0,0.0,0.14,0.27
92,2014-10-1,62.0,55.0,69.0,48.0,68.0,31.0,82.0,2003.0,2000.0,0.0,0.13,0.9
93,2014-10-2,69.0,63.0,74.0,47.0,67.0,30.0,84.0,2003.0,2005.0,0.31,0.13,3.06
94,2014-10-3,56.0,45.0,67.0,47.0,67.0,35.0,87.0,2004.0,1997.0,1.06,0.13,1.06
95,2014-10-4,43.0,37.0,48.0,46.0,67.0,36.0,87.0,2004.0,2005.0,0.05,0.1,0.64
96,2014-10-5,48.0,39.0,57.0,46.0,66.0,33.0,89.0,2004.0,1997.0,0.0,0.09,1.31
97,2014-10-6,53.0,45.0,61.0,46.0,66.0,33.0,88.0,2001.0,2007.0,0.01,0.1,0.15
98,2014-10-7,56.0,44.0,68.0,45.0,65.0,30.0,88.0,2000.0,2007.0,0.0,0.08,0.7
99,2014-10-8,57.0,47.0,66.0,45.0,65.0,30.0,87.0,2000.0,2007.0,0.0,0.08,0.81
100,2014-10-9,53.0,43.0,63.0,45.0,65.0,30.0,85.0,2000.0,2010.0,0.0,0.09,0.4
101,2014-10-10,49.0,40.0,58.0,44.0,64.0,31.0,85.0,2009.0,2010.0,0.0,0.1,0.19
102,2014-10-11,50.0,38.0,61.0,44.0,64.0,28.0,82.0,1996.0,2010.0,0.0,0.09,0.25
103,2014-10-12,51.0,37.0,64.0,44.0,63.0,28.0,83.0,2006.0,2008.0,0.02,0.1,0.71
104,2014-10-13,63.0,58.0,68.0,43.0,63.0,32.0,78.0,2006.0,2000.0,0.71,0.09,3.56
105,2014-10-14,60.0,53.0,67.0,43.0,62.0,33.0,75.0,2002.0,2005.0,1.16,0.09,1.16
106,2014-10-15,54.0,51.0,56.0,43.0,62.0,28.0,78.0,2006.0,1999.0,0.05,0.09,0.41
107,2014-10-16,55.0,51.0,58.0,43.0,62.0,35.0,79.0,2003.0,1998.0,0.0,0.09,0.19
108,2014-10-17,56.0,49.0,63.0,42.0,61.0,31.0,73.0,2003.0,2005.0,0.0,0.09,3.0
109,2014-10-18,44.0,36.0,51.0,42.0,61.0,30.0,78.0,2009.0,2007.0,0.04,0.09,0.29
110,2014-10-19,45.0,33.0,56.0,42.0,61.0,30.0,76.0,1996.0,2000.0,0.0,0.1,0.27
111,2014-10-20,57.0,48.0,66.0,41.0,60.0,32.0,84.0,2002.0,2003.0,0.01,0.09,0.27
112,2014-10-21,52.0,49.0,54.0,44.0,61.0,26.0,87.0,1952.0,1953.0,0.0,0.11,2.24
113,2014-10-22,46.0,36.0,56.0,41.0,59.0,31.0,68.0,2013.0,2007.0,0.0,0.1,1.12
114,2014-10-23,48.0,33.0,62.0,41.0,59.0,31.0,76.0,2013.0,2004.0,0.0,0.1,0.91
115,2014-10-24,59.0,49.0,69.0,40.0,59.0,27.0,78.0,1999.0,2012.0,0.0,0.1,0.72
116,2014-10-25,64.0,54.0,73.0,40.0,58.0,27.0,75.0,2006.0,2012.0,0.0,0.1,0.26
117,2014-10-26,53.0,41.0,64.0,40.0,58.0,34.0,76.0,2005.0,2000.0,0.0,0.1,0.21
118,2014-10-27,65.0,52.0,78.0,39.0,57.0,28.0,78.0,2013.0,2014.0,0.0,0.1,0.42
119,2014-10-28,57.0,48.0,66.0,42.0,58.0,25.0,81.0,1976.0,1999.0,0.03,0.12,0.65
120,2014-10-29,43.0,35.0,51.0,39.0,57.0,29.0,77.0,2008.0,1999.0,0.0,0.08,0.51
121,2014-10-30,43.0,33.0,53.0,38.0,56.0,29.0,74.0,2008.0,1999.0,0.0,0.07,0.88
122,2014-10-31,41.0,34.0,48.0,38.0,56.0,26.0,70.0,1996.0,2000.0,0.02,0.07,0.9
123,2014-11-1,37.0,29.0,45.0,38.0,55.0,25.0,73.0,1996.0,2000.0,0.0,0.1,0.95
124,2014-11-2,39.0,24.0,53.0,37.0,55.0,22.0,66.0,2006.0,2008.0,0.0,0.11,1.57
125,2014-11-3,54.0,45.0,63.0,37.0,54.0,21.0,73.0,2006.0,2008.0,0.0,0.1,0.43
126,2014-11-4,53.0,45.0,61.0,37.0,54.0,23.0,71.0,1999.0,2008.0,0.01,0.12,0.91
127,2014-11-5,49.0,37.0,60.0,36.0,53.0,28.0,71.0,2010.0,2008.0,0.0,0.12,0.22
128,2014-11-6,46.0,39.0,52.0,36.0,53.0,24.0,65.0,2010.0,2008.0,0.0,0.1,0.98
129,2014-11-7,41.0,37.0,45.0,38.0,53.0,16.0,74.0,1991.0,1945.0,0.0,0.12,1.17
130,2014-11-8,43.0,38.0,48.0,35.0,52.0,21.0,72.0,2003.0,1999.0,0.02,0.09,0.7
131,2014-11-9,45.0,37.0,53.0,35.0,52.0,23.0,73.0,2003.0,1999.0,0.0,0.09,1.07
132,2014-11-10,53.0,42.0,63.0,34.0,51.0,24.0,70.0,1996.0,2010.0,0.0,0.09,1.06
133,2014-11-11,46.0,32.0,59.0,34.0,50.0,19.0,69.0,1996.0,2012.0,0.1,0.1,0.42
134,2014-11-12,29.0,25.0,32.0,34.0,50.0,16.0,67.0,1996.0,2007.0,0.0,0.1,0.31
135,2014-11-13,27.0,24.0,30.0,33.0,50.0,17.0,70.0,1996.0,2011.0,0.0,0.1,0.21
136,2014-11-14,26.0,23.0,28.0,33.0,49.0,15.0,63.0,1996.0,2001.0,0.0,0.11,0.18
137,2014-11-15,27.0,21.0,33.0,35.0,49.0,8.0,72.0,1933.0,1990.0,0.0,0.12,0.89
138,2014-11-16,25.0,18.0,31.0,32.0,48.0,18.0,61.0,1997.0,2013.0,0.0,0.11,0.32
139,2014-11-17,16.0,11.0,21.0,32.0,47.0,11.0,69.0,2014.0,2013.0,0.0,0.1,0.83
140,2014-11-18,15.0,10.0,19.0,31.0,47.0,10.0,70.0,2014.0,1999.0,0.0,0.09,1.13
141,2014-11-19,25.0,17.0,32.0,31.0,46.0,17.0,59.0,2014.0,2012.0,0.0,0.09,0.29
142,2014-11-20,24.0,17.0,30.0,33.0,46.0,14.0,69.0,1964.0,1930.0,0.0,0.11,1.23
143,2014-11-21,22.0,10.0,34.0,30.0,45.0,10.0,62.0,2014.0,2010.0,0.0,0.08,0.49
144,2014-11-22,43.0,33.0,52.0,29.0,45.0,16.0,67.0,2000.0,2010.0,0.1,0.08,0.39
145,2014-11-23,50.0,47.0,52.0,29.0,44.0,15.0,64.0,2013.0,2003.0,0.62,0.09,0.62
146,2014-11-24,37.0,24.0,49.0,28.0,44.0,11.0,64.0,2013.0,2001.0,0.37,0.08,0.94
147,2014-11-25,23.0,18.0,28.0,28.0,43.0,13.0,57.0,2005.0,2011.0,0.0,0.09,0.18
148,2014-11-26,23.0,17.0,29.0,28.0,43.0,13.0,61.0,1996.0,2006.0,0.0,0.09,0.45
149,2014-11-27,20.0,14.0,26.0,27.0,42.0,12.0,64.0,2013.0,1998.0,0.0,0.09,0.46
150,2014-11-28,26.0,17.0,34.0,27.0,42.0,13.0,65.0,2002.0,1998.0,0.0,0.09,0.44
151,2014-11-29,42.0,31.0,52.0,26.0,41.0,14.0,67.0,2013.0,1998.0,0.0,0.09,0.85
152,2014-11-30,36.0,22.0,50.0,26.0,41.0,18.0,64.0,2002.0,1998.0,0.0,0.09,0.67
153,2014-12-1,21.0,17.0,25.0,26.0,40.0,15.0,61.0,2002.0,2012.0,0.0,0.08,1.43
154,2014-12-2,27.0,19.0,35.0,25.0,40.0,12.0,64.0,2006.0,2012.0,0.0,0.08,0.13
155,2014-12-3,31.0,24.0,38.0,25.0,39.0,9.0,69.0,2006.0,2012.0,0.0,0.07,0.23
156,2014-12-4,29.0,22.0,35.0,24.0,39.0,7.0,64.0,2006.0,1998.0,0.0,0.08,1.25
157,2014-12-5,36.0,32.0,40.0,24.0,39.0,2.0,69.0,2007.0,2001.0,0.0,0.08,0.81
158,2014-12-6,32.0,24.0,40.0,24.0,38.0,0.0,60.0,2007.0,1998.0,0.0,0.07,1.03
159,2014-12-7,30.0,24.0,36.0,23.0,38.0,-2.0,51.0,2005.0,2004.0,0.0,0.07,0.82
160,2014-12-8,35.0,33.0,37.0,23.0,37.0,2.0,49.0,2005.0,1999.0,0.15,0.07,0.55
161,2014-12-9,34.0,30.0,38.0,23.0,37.0,1.0,53.0,2000.0,1999.0,0.01,0.06,1.03
162,2014-12-10,31.0,28.0,33.0,22.0,37.0,-4.0,53.0,2013.0,2003.0,0.0,0.06,0.56
163,2014-12-11,28.0,23.0,33.0,22.0,36.0,1.0,49.0,2013.0,2001.0,0.0,0.06,0.32
164,2014-12-12,30.0,23.0,37.0,22.0,36.0,-3.0,50.0,2000.0,2006.0,0.0,0.05,0.43
165,2014-12-13,42.0,36.0,47.0,21.0,36.0,-5.0,49.0,2000.0,2012.0,0.0,0.06,0.26
166,2014-12-14,48.0,46.0,50.0,21.0,35.0,5.0,56.0,2010.0,2011.0,0.0,0.05,0.89
167,2014-12-15,45.0,42.0,47.0,21.0,35.0,1.0,58.0,2010.0,2011.0,0.06,0.04,0.36
168,2014-12-16,37.0,29.0,45.0,21.0,35.0,4.0,55.0,2013.0,2006.0,0.04,0.05,0.48
169,2014-12-17,27.0,24.0,29.0,20.0,34.0,0.0,53.0,2000.0,2006.0,0.0,0.05,0.13
170,2014-12-18,24.0,19.0,28.0,20.0,34.0,0.0,55.0,2000.0,2002.0,0.0,0.05,0.79
171,2014-12-19,30.0,28.0,31.0,20.0,34.0,0.0,56.0,2005.0,2002.0,0.0,0.05,0.17
172,2014-12-20,31.0,28.0,33.0,20.0,34.0,0.0,49.0,2000.0,2012.0,0.0,0.06,1.2
173,2014-12-21,35.0,32.0,37.0,19.0,33.0,-6.0,48.0,2000.0,2003.0,0.0,0.05,0.23
174,2014-12-22,34.0,28.0,40.0,19.0,33.0,-8.0,55.0,2000.0,2006.0,0.31,0.06,0.63
175,2014-12-23,42.0,36.0,48.0,19.0,33.0,-6.0,52.0,2000.0,2007.0,0.14,0.06,0.23
176,2014-12-24,39.0,36.0,41.0,19.0,33.0,-2.0,44.0,2000.0,2006.0,0.0,0.06,0.82
177,2014-12-25,38.0,34.0,42.0,19.0,32.0,-5.0,46.0,2000.0,2011.0,0.0,0.05,0.5
178,2014-12-26,44.0,36.0,51.0,18.0,32.0,2.0,53.0,2000.0,2008.0,0.0,0.05,0.68
179,2014-12-27,40.0,31.0,49.0,18.0,32.0,6.0,61.0,2000.0,2008.0,0.0,0.04,1.05
180,2014-12-28,29.0,22.0,36.0,18.0,32.0,5.0,49.0,2000.0,2013.0,0.0,0.05,0.14
181,2014-12-29,24.0,19.0,29.0,18.0,32.0,5.0,49.0,1998.0,2011.0,0.0,0.06,0.06
182,2014-12-30,14.0,8.0,20.0,18.0,32.0,-1.0,60.0,1998.0,2002.0,0.0,0.05,0.27
183,2014-12-31,11.0,4.0,18.0,18.0,32.0,1.0,57.0,2000.0,2004.0,0.0,0.06,0.4
184,2015-1-1,23.0,14.0,32.0,18.0,32.0,1.0,48.0,2001.0,2004.0,0.0,0.06,0.3
185,2015-1-2,24.0,15.0,33.0,17.0,31.0,-1.0,61.0,2001.0,2004.0,0.0,0.05,0.15
186,2015-1-3,32.0,30.0,34.0,17.0,31.0,-7.0,58.0,2014.0,1998.0,0.64,0.05,0.64
187,2015-1-4,18.0,2.0,33.0,17.0,31.0,-9.0,64.0,1999.0,1997.0,0.03,0.05,0.35
188,2015-1-5,1.0,-4.0,6.0,17.0,31.0,-16.0,56.0,1999.0,1998.0,0.0,0.05,0.4
189,2015-1-6,7.0,1.0,12.0,17.0,31.0,-15.0,61.0,2014.0,2008.0,0.0,0.05,0.22
190,2015-1-7,2.0,-4.0,8.0,18.0,32.0,-14.0,65.0,1942.0,2008.0,0.0,0.08,0.69
191,2015-1-8,5.0,-8.0,18.0,17.0,31.0,-8.0,56.0,2014.0,2008.0,0.02,0.05,0.18
192,2015-1-9,10.0,3.0,16.0,18.0,31.0,-17.0,57.0,1982.0,1939.0,0.0,0.08,0.76
193,2015-1-10,11.0,-2.0,24.0,17.0,31.0,-3.0,53.0,1999.0,2012.0,0.0,0.05,1.12
194,2015-1-11,28.0,22.0,33.0,17.0,31.0,-4.0,55.0,1999.0,2004.0,0.0,0.06,0.37
195,2015-1-12,22.0,15.0,29.0,16.0,31.0,-7.0,61.0,1997.0,2005.0,0.0,0.05,0.59
196,2015-1-13,10.0,0.0,20.0,16.0,31.0,-3.0,49.0,1997.0,2006.0,0.0,0.05,0.45
197,2015-1-14,9.0,-3.0,20.0,16.0,31.0,-3.0,42.0,2015.0,2002.0,0.0,0.05,0.25
198,2015-1-15,27.0,18.0,35.0,16.0,31.0,-12.0,43.0,2009.0,2006.0,0.0,0.05,0.12
199,2015-1-16,29.0,25.0,33.0,16.0,30.0,-16.0,47.0,2009.0,2006.0,0.0,0.06,0.07
200,2015-1-17,36.0,27.0,44.0,16.0,30.0,-8.0,44.0,1997.0,2015.0,0.0,0.06,0.07
201,2015-1-18,37.0,31.0,43.0,18.0,31.0,-20.0,61.0,1994.0,1996.0,0.0,0.06,1.39
202,2015-1-19,35.0,27.0,43.0,18.0,31.0,-21.0,57.0,1985.0,1933.0,0.0,0.07,1.09
203,2015-1-20,32.0,28.0,36.0,16.0,31.0,-6.0,46.0,2008.0,2006.0,0.0,0.05,0.8
204,2015-1-21,31.0,29.0,33.0,16.0,31.0,-4.0,48.0,2000.0,1997.0,0.0,0.04,0.23
205,2015-1-22,31.0,29.0,32.0,16.0,31.0,-3.0,54.0,2013.0,2002.0,0.0,0.05,0.21
206,2015-1-23,31.0,29.0,33.0,16.0,31.0,-4.0,48.0,2003.0,2002.0,0.0,0.05,0.22
207,2015-1-24,37.0,30.0,44.0,16.0,31.0,-5.0,46.0,2008.0,2010.0,0.0,0.06,0.28
208,2015-1-25,32.0,26.0,38.0,18.0,32.0,-10.0,67.0,1936.0,1950.0,0.06,0.06,1.3
209,2015-1-26,25.0,21.0,29.0,18.0,32.0,-10.0,62.0,1936.0,1944.0,0.04,0.06,1.66
210,2015-1-27,25.0,19.0,31.0,17.0,31.0,-7.0,60.0,2014.0,2002.0,0.0,0.05,0.44
211,2015-1-28,26.0,18.0,34.0,17.0,31.0,-11.0,49.0,2014.0,2006.0,0.0,0.05,0.15
212,2015-1-29,33.0,29.0,36.0,17.0,31.0,-3.0,63.0,1997.0,2013.0,0.0,0.05,1.5
213,2015-1-30,25.0,19.0,30.0,17.0,31.0,-7.0,53.0,2004.0,2012.0,0.0,0.05,0.4
214,2015-1-31,27.0,18.0,36.0,17.0,31.0,-4.0,58.0,2004.0,2012.0,0.0,0.05,0.47
215,2015-2-1,24.0,17.0,31.0,17.0,32.0,0.0,48.0,2013.0,2012.0,0.0,0.03,0.7
216,2015-2-2,13.0,6.0,19.0,17.0,32.0,0.0,43.0,2001.0,2012.0,0.0,0.03,0.48
217,2015-2-3,16.0,6.0,25.0,18.0,32.0,-6.0,47.0,2007.0,1999.0,0.0,0.03,0.21
218,2015-2-4,15.0,5.0,24.0,18.0,32.0,-7.0,51.0,2007.0,2005.0,0.0,0.03,0.18
219,2015-2-5,8.0,-1.0,17.0,18.0,32.0,-10.0,56.0,2007.0,2005.0,0.0,0.03,0.11
220,2015-2-6,23.0,14.0,31.0,18.0,33.0,-5.0,48.0,2007.0,2005.0,0.0,0.04,0.54
221,2015-2-7,30.0,17.0,43.0,18.0,33.0,-3.0,56.0,2014.0,2009.0,0.0,0.03,0.61
222,2015-2-8,32.0,26.0,37.0,19.0,33.0,-4.0,53.0,2007.0,2001.0,0.0,0.03,0.38
223,2015-2-9,24.0,20.0,27.0,19.0,33.0,0.0,54.0,2011.0,1999.0,0.0,0.03,0.5
224,2015-2-10,25.0,18.0,31.0,19.0,34.0,-6.0,61.0,2011.0,2009.0,0.0,0.04,0.37
225,2015-2-11,28.0,18.0,37.0,19.0,34.0,-4.0,69.0,2014.0,1999.0,0.0,0.03,0.27
226,2015-2-12,13.0,8.0,18.0,20.0,34.0,-4.0,50.0,2014.0,2005.0,0.0,0.05,0.07
227,2015-2-13,15.0,2.0,27.0,20.0,34.0,2.0,49.0,2015.0,2011.0,0.0,0.03,0.19
228,2015-2-14,15.0,1.0,28.0,20.0,35.0,1.0,54.0,2015.0,2006.0,0.0,0.04,0.19
229,2015-2-15,9.0,0.0,17.0,22.0,36.0,-6.0,69.0,1936.0,1954.0,0.0,0.07,0.78
230,2015-2-16,13.0,7.0,19.0,21.0,35.0,-2.0,51.0,2007.0,2011.0,0.0,0.03,0.97
231,2015-2-17,15.0,9.0,20.0,21.0,36.0,2.0,49.0,2006.0,2012.0,0.0,0.03,0.59
232,2015-2-18,4.0,-3.0,10.0,21.0,36.0,-8.0,55.0,2006.0,2007.0,0.0,0.04,0.15
233,2015-2-19,1.0,-5.0,7.0,23.0,37.0,-8.0,65.0,1936.0,1930.0,0.0,0.07,0.78
234,2015-2-20,5.0,-9.0,18.0,22.0,37.0,-9.0,55.0,2015.0,2002.0,0.0,0.03,0.96
235,2015-2-21,24.0,18.0,30.0,22.0,37.0,5.0,49.0,2008.0,2007.0,0.0,0.04,0.15
236,2015-2-22,15.0,2.0,28.0,23.0,38.0,2.0,59.0,2015.0,2000.0,0.0,0.03,0.03
237,2015-2-23,5.0,-5.0,14.0,23.0,38.0,-5.0,66.0,2015.0,2000.0,0.0,0.04,0.22
238,2015-2-24,18.0,5.0,31.0,23.0,38.0,5.0,61.0,2015.0,2002.0,0.0,0.03,0.82
239,2015-2-25,18.0,10.0,25.0,23.0,39.0,-1.0,72.0,2003.0,2000.0,0.0,0.04,0.23
240,2015-2-26,11.0,2.0,19.0,24.0,39.0,-1.0,64.0,2014.0,2000.0,0.0,0.03,1.2
241,2015-2-27,8.0,-2.0,17.0,24.0,40.0,-2.0,52.0,2015.0,2000.0,0.0,0.04,0.41
242,2015-2-28,5.0,-12.0,21.0,24.0,40.0,-12.0,55.0,2015.0,2004.0,0.0,0.03,0.04
243,2015-3-1,18.0,9.0,27.0,25.0,40.0,9.0,62.0,2015.0,2004.0,0.0,0.06,0.7
244,2015-3-2,23.0,13.0,32.0,25.0,41.0,0.0,58.0,2014.0,2008.0,0.0,0.06,0.59
245,2015-3-3,29.0,24.0,34.0,25.0,41.0,-4.0,57.0,2014.0,2008.0,0.04,0.07,0.4
246,2015-3-4,21.0,11.0,31.0,26.0,41.0,11.0,62.0,2014.0,2000.0,0.0,0.06,0.58
247,2015-3-5,10.0,3.0,17.0,26.0,42.0,3.0,68.0,2015.0,2000.0,0.0,0.06,0.28
248,2015-3-6,17.0,6.0,27.0,28.0,43.0,2.0,71.0,1960.0,1983.0,0.0,0.08,0.49
249,2015-3-7,35.0,22.0,47.0,27.0,43.0,13.0,78.0,2014.0,2000.0,0.0,0.07,0.57
250,2015-3-8,36.0,28.0,43.0,27.0,43.0,10.0,77.0,2007.0,2000.0,0.0,0.06,1.38
251,2015-3-9,36.0,21.0,51.0,27.0,43.0,6.0,64.0,2003.0,2000.0,0.0,0.06,0.45
252,2015-3-10,44.0,35.0,52.0,27.0,44.0,3.0,62.0,2003.0,2010.0,0.0,0.07,0.49
253,2015-3-11,39.0,28.0,50.0,28.0,44.0,13.0,69.0,1998.0,2012.0,0.0,0.06,0.19
254,2015-3-12,40.0,24.0,55.0,28.0,45.0,11.0,66.0,1998.0,2012.0,0.0,0.06,0.37
255,2015-3-13,50.0,33.0,66.0,28.0,45.0,9.0,73.0,2014.0,2007.0,0.0,0.06,0.46
256,2015-3-14,46.0,32.0,59.0,28.0,45.0,19.0,82.0,1997.0,2012.0,0.0,0.07,0.12
257,2015-3-15,45.0,27.0,62.0,29.0,46.0,13.0,82.0,1997.0,2012.0,0.0,0.07,0.79
258,2015-3-16,58.0,42.0,73.0,29.0,46.0,11.0,80.0,1997.0,2012.0,0.0,0.08,0.23
259,2015-3-17,35.0,27.0,43.0,29.0,46.0,18.0,82.0,2014.0,2012.0,0.0,0.07,0.56
260,2015-3-18,38.0,26.0,50.0,30.0,47.0,18.0,82.0,2001.0,2012.0,0.0,0.07,0.07
261,2015-3-19,41.0,36.0,45.0,30.0,47.0,16.0,78.0,2013.0,2012.0,0.0,0.07,0.22
262,2015-3-20,45.0,39.0,51.0,30.0,48.0,14.0,86.0,2013.0,2012.0,0.0,0.06,0.61
263,2015-3-21,39.0,29.0,49.0,30.0,48.0,13.0,86.0,2013.0,2012.0,0.0,0.09,0.85
264,2015-3-22,30.0,27.0,33.0,30.0,48.0,15.0,84.0,2002.0,2012.0,0.0,0.08,0.29
265,2015-3-23,30.0,28.0,31.0,31.0,49.0,19.0,73.0,2014.0,2007.0,0.11,0.08,0.54
266,2015-3-24,27.0,17.0,37.0,31.0,49.0,17.0,77.0,2015.0,2007.0,0.08,0.09,0.53
267,2015-3-25,38.0,35.0,41.0,31.0,50.0,18.0,79.0,2001.0,2007.0,0.21,0.09,0.21
268,2015-3-26,37.0,31.0,43.0,32.0,50.0,15.0,79.0,2014.0,2007.0,0.0,0.09,0.38
269,2015-3-27,26.0,20.0,31.0,32.0,50.0,20.0,76.0,2015.0,1998.0,0.0,0.09,0.27
270,2015-3-28,26.0,17.0,34.0,32.0,51.0,17.0,75.0,2015.0,2004.0,0.0,0.09,1.16
271,2015-3-29,36.0,24.0,47.0,32.0,51.0,23.0,79.0,2008.0,1998.0,0.02,0.08,0.74
272,2015-3-30,49.0,36.0,61.0,33.0,52.0,23.0,78.0,2014.0,1998.0,0.0,0.09,0.35
273,2015-3-31,47.0,38.0,56.0,33.0,52.0,22.0,78.0,2011.0,2010.0,0.0,0.08,0.39
274,2015-4-1,53.0,32.0,73.0,33.0,52.0,26.0,83.0,2011.0,2010.0,0.0,0.08,0.19
275,2015-4-2,58.0,49.0,66.0,33.0,53.0,25.0,81.0,2013.0,2010.0,0.26,0.07,0.41
276,2015-4-3,41.0,29.0,52.0,34.0,53.0,22.0,73.0,2013.0,1999.0,0.0,0.08,0.51
277,2015-4-4,43.0,28.0,58.0,34.0,53.0,25.0,76.0,2013.0,2010.0,0.0,0.07,1.01
278,2015-4-5,51.0,34.0,67.0,34.0,54.0,21.0,76.0,2002.0,2005.0,0.0,0.07,0.54
279,2015-4-6,44.0,30.0,58.0,35.0,54.0,22.0,79.0,2007.0,2005.0,0.0,0.08,0.2
280,2015-4-7,42.0,38.0,45.0,35.0,54.0,22.0,83.0,2007.0,2001.0,0.02,0.09,0.82
281,2015-4-8,43.0,39.0,47.0,35.0,55.0,23.0,77.0,1997.0,2001.0,0.1,0.08,1.62
282,2015-4-9,56.0,40.0,71.0,36.0,55.0,20.0,71.0,1997.0,2015.0,1.97,0.08,1.97
283,2015-4-10,51.0,40.0,62.0,36.0,56.0,21.0,84.0,1997.0,2011.0,0.01,0.08,0.64
284,2015-4-11,50.0,37.0,62.0,36.0,56.0,28.0,76.0,2000.0,2001.0,0.0,0.09,0.54
285,2015-4-12,54.0,39.0,68.0,36.0,56.0,25.0,79.0,2000.0,2014.0,0.0,0.08,0.23
286,2015-4-13,57.0,46.0,67.0,37.0,57.0,29.0,78.0,2004.0,2006.0,0.13,0.08,0.45
287,2015-4-14,52.0,38.0,66.0,37.0,57.0,25.0,84.0,1997.0,2003.0,0.0,0.07,0.34
288,2015-4-15,51.0,40.0,62.0,37.0,58.0,24.0,88.0,2014.0,2002.0,0.0,0.08,1.27
289,2015-4-16,54.0,43.0,65.0,38.0,58.0,27.0,88.0,2014.0,2002.0,0.0,0.09,1.01
290,2015-4-17,61.0,43.0,78.0,38.0,58.0,28.0,85.0,2001.0,2002.0,0.0,0.11,0.13
291,2015-4-18,54.0,46.0,62.0,38.0,59.0,26.0,88.0,1997.0,2002.0,0.0,0.11,0.35
292,2015-4-19,55.0,47.0,63.0,39.0,59.0,31.0,81.0,2001.0,2005.0,0.47,0.1,1.06
293,2015-4-20,46.0,41.0,51.0,39.0,60.0,29.0,78.0,2013.0,2014.0,0.02,0.1,2.0
294,2015-4-21,46.0,38.0,54.0,39.0,60.0,31.0,82.0,2011.0,2001.0,0.0,0.1,0.91
295,2015-4-22,40.0,32.0,47.0,40.0,60.0,32.0,82.0,2000.0,2007.0,0.0,0.1,1.49
296,2015-4-23,42.0,28.0,55.0,40.0,61.0,28.0,72.0,2015.0,1998.0,0.0,0.1,0.79
297,2015-4-24,48.0,35.0,60.0,45.0,63.0,29.0,89.0,1930.0,1990.0,0.29,0.12,2.05
298,2015-4-25,42.0,38.0,46.0,41.0,62.0,33.0,81.0,1999.0,2008.0,0.1,0.11,0.65
299,2015-4-26,46.0,35.0,56.0,41.0,62.0,29.0,78.0,2006.0,2009.0,0.0,0.13,0.4
300,2015-4-27,45.0,37.0,53.0,41.0,62.0,35.0,75.0,2004.0,2003.0,0.0,0.15,1.08
301,2015-4-28,44.0,34.0,54.0,42.0,63.0,32.0,80.0,2010.0,2004.0,0.0,0.15,0.52
302,2015-4-29,49.0,37.0,60.0,42.0,63.0,31.0,82.0,2008.0,2007.0,0.0,0.16,0.66
303,2015-4-30,44.0,38.0,49.0,42.0,64.0,30.0,85.0,2008.0,2013.0,0.0,0.18,1.7
304,2015-5-1,50.0,35.0,64.0,43.0,64.0,35.0,83.0,2005.0,2013.0,0.0,0.12,1.2
305,2015-5-2,62.0,46.0,77.0,43.0,64.0,33.0,82.0,2004.0,2001.0,0.0,0.12,0.91
306,2015-5-3,66.0,53.0,78.0,43.0,65.0,29.0,87.0,2004.0,2012.0,0.21,0.12,0.21
307,2015-5-4,64.0,52.0,75.0,44.0,65.0,33.0,80.0,2005.0,2000.0,0.0,0.13,1.14
308,2015-5-5,51.0,46.0,55.0,44.0,65.0,35.0,83.0,2005.0,2000.0,1.0,0.12,1.0
309,2015-5-6,57.0,45.0,68.0,44.0,66.0,38.0,85.0,2006.0,2000.0,0.0,0.13,0.67
310,2015-5-7,67.0,50.0,84.0,45.0,66.0,38.0,84.0,2006.0,2015.0,0.02,0.12,1.66
311,2015-5-8,73.0,63.0,82.0,45.0,66.0,40.0,89.0,2011.0,2014.0,0.43,0.14,0.43
312,2015-5-9,55.0,46.0,63.0,45.0,67.0,35.0,87.0,2010.0,2004.0,0.06,0.13,0.9
313,2015-5-10,50.0,46.0,53.0,46.0,67.0,37.0,84.0,1997.0,2004.0,0.16,0.12,1.41
314,2015-5-11,58.0,46.0,69.0,46.0,68.0,37.0,86.0,2006.0,2011.0,0.33,0.13,1.82
315,2015-5-12,50.0,43.0,56.0,46.0,68.0,36.0,86.0,2006.0,2011.0,0.0,0.13,1.34
316,2015-5-13,44.0,38.0,50.0,46.0,68.0,34.0,78.0,2013.0,1998.0,0.0,0.13,2.0
317,2015-5-14,52.0,40.0,64.0,47.0,68.0,40.0,90.0,1999.0,2007.0,0.18,0.13,0.82
318,2015-5-15,66.0,54.0,77.0,47.0,69.0,38.0,89.0,2000.0,1998.0,0.0,0.12,0.53
319,2015-5-16,71.0,61.0,80.0,48.0,69.0,33.0,87.0,1997.0,2001.0,0.0,0.11,1.0
320,2015-5-17,75.0,67.0,82.0,48.0,70.0,36.0,87.0,2002.0,1998.0,0.0,0.11,0.47
321,2015-5-18,64.0,49.0,78.0,48.0,70.0,35.0,92.0,2002.0,1998.0,0.0,0.11,1.02
322,2015-5-19,46.0,39.0,52.0,48.0,70.0,37.0,90.0,2008.0,2012.0,0.0,0.11,0.5
323,2015-5-20,43.0,38.0,48.0,49.0,70.0,35.0,91.0,2002.0,2012.0,0.07,0.11,0.94
324,2015-5-21,57.0,45.0,68.0,49.0,71.0,33.0,87.0,2002.0,2014.0,0.0,0.14,1.37
325,2015-5-22,53.0,45.0,61.0,49.0,71.0,37.0,88.0,1997.0,2011.0,0.0,0.13,1.32
326,2015-5-23,62.0,43.0,80.0,50.0,72.0,39.0,89.0,2006.0,2007.0,0.0,0.13,0.16
327,2015-5-24,63.0,56.0,70.0,50.0,72.0,40.0,90.0,2013.0,2012.0,0.28,0.12,0.46
328,2015-5-25,72.0,65.0,79.0,50.0,72.0,41.0,86.0,2002.0,2010.0,0.07,0.11,0.26
329,2015-5-26,71.0,67.0,75.0,51.0,72.0,40.0,88.0,2002.0,2014.0,0.53,0.1,1.22
330,2015-5-27,65.0,56.0,74.0,51.0,73.0,42.0,95.0,2008.0,2012.0,0.09,0.1,0.4
331,2015-5-28,67.0,52.0,81.0,51.0,73.0,42.0,93.0,2008.0,2012.0,0.0,0.11,0.95
332,2015-5-29,73.0,62.0,83.0,52.0,74.0,39.0,90.0,2008.0,2006.0,0.18,0.1,1.42
333,2015-5-30,58.0,44.0,71.0,52.0,74.0,41.0,91.0,2001.0,2010.0,0.36,0.11,0.36
334,2015-5-31,50.0,43.0,56.0,53.0,74.0,40.0,86.0,2003.0,2002.0,0.0,0.1,0.87
335,2015-6-1,51.0,43.0,58.0,53.0,74.0,37.0,88.0,2003.0,2014.0,0.0,0.17,1.03
336,2015-6-2,55.0,41.0,68.0,53.0,75.0,40.0,85.0,2003.0,2008.0,0.0,0.17,0.84
337,2015-6-3,62.0,48.0,76.0,54.0,75.0,41.0,88.0,2009.0,2011.0,0.0,0.17,1.02
338,2015-6-4,70.0,57.0,82.0,54.0,76.0,42.0,91.0,2009.0,2011.0,0.0,0.16,1.95
339,2015-6-5,61.0,54.0,68.0,54.0,76.0,42.0,89.0,2009.0,1999.0,0.0,0.15,0.7
340,2015-6-6,60.0,52.0,68.0,55.0,76.0,43.0,95.0,1998.0,2011.0,0.0,0.15,0.29
341,2015-6-7,68.0,53.0,83.0,55.0,77.0,45.0,97.0,1998.0,2011.0,0.37,0.15,0.37
342,2015-6-8,72.0,59.0,85.0,55.0,77.0,45.0,96.0,1998.0,2011.0,0.35,0.16,2.37
343,2015-6-9,72.0,56.0,87.0,56.0,77.0,48.0,91.0,1997.0,2005.0,0.0,0.15,0.69
344,2015-6-10,78.0,64.0,92.0,56.0,78.0,50.0,92.0,2006.0,2015.0,0.0,0.14,1.49
345,2015-6-11,63.0,56.0,69.0,56.0,78.0,51.0,92.0,2006.0,2005.0,0.19,0.14,0.94
346,2015-6-12,61.0,56.0,65.0,57.0,78.0,47.0,91.0,2006.0,2008.0,0.25,0.14,0.58
347,2015-6-13,71.0,55.0,87.0,57.0,79.0,50.0,90.0,2006.0,2001.0,0.86,0.13,2.02
348,2015-6-14,77.0,69.0,84.0,58.0,79.0,47.0,91.0,1997.0,2001.0,0.34,0.13,0.34
349,2015-6-15,74.0,67.0,81.0,58.0,79.0,44.0,91.0,1997.0,2012.0,1.72,0.13,1.72
350,2015-6-16,62.0,54.0,69.0,58.0,79.0,52.0,93.0,1999.0,2007.0,0.0,0.13,1.24
351,2015-6-17,62.0,53.0,71.0,58.0,80.0,47.0,92.0,1999.0,2006.0,0.17,0.12,0.17
352,2015-6-18,70.0,58.0,82.0,59.0,80.0,46.0,93.0,1999.0,2012.0,0.26,0.11,0.72
353,2015-6-19,59.0,53.0,64.0,59.0,80.0,50.0,93.0,2003.0,2012.0,0.0,0.1,3.23
354,2015-6-20,65.0,52.0,78.0,60.0,80.0,47.0,94.0,2003.0,2002.0,0.23,0.1,0.49
355,2015-6-21,77.0,67.0,86.0,60.0,81.0,49.0,91.0,2003.0,2005.0,0.0,0.1,1.12
356,2015-6-22,74.0,65.0,83.0,60.0,81.0,53.0,94.0,2001.0,2002.0,0.14,0.11,0.28
357,2015-6-23,72.0,62.0,82.0,60.0,81.0,51.0,95.0,2001.0,2002.0,0.0,0.11,0.21
358,2015-6-24,69.0,59.0,79.0,61.0,82.0,52.0,98.0,2001.0,2005.0,0.0,0.11,1.04
359,2015-6-25,69.0,60.0,77.0,61.0,82.0,50.0,97.0,2004.0,1998.0,0.93,0.09,1.71
360,2015-6-26,63.0,58.0,67.0,61.0,82.0,54.0,92.0,2012.0,2007.0,0.07,0.09,4.53
361,2015-6-27,65.0,55.0,75.0,61.0,82.0,54.0,96.0,2004.0,2005.0,0.0,0.08,0.47
362,2015-6-28,67.0,53.0,81.0,62.0,82.0,53.0,99.0,2015.0,2012.0,0.01,0.08,0.73
363,2015-6-29,69.0,63.0,75.0,62.0,82.0,55.0,92.0,2000.0,2001.0,0.21,0.07,0.47
364,2015-6-30,67.0,56.0,77.0,62.0,83.0,50.0,95.0,2007.0,2002.0,0.0,0.07,2.31
